bioclimatic_zone,structure,category,physiography_limit,code,color_class,color,broad_class,map_class,target,macrogroup_code,macrogroup,group_code,group
6. Abiotic,unvegetated,other,none,997,Abiotic,FFFFFF,Permanent Snow / Ice,Permanent Snow / Ice,none,none,none,none,none
6. Abiotic,unvegetated,other,none,998,Abiotic,BEE8FF,Persistent Water,Persistent Water,none,none,none,none,none
5. Anthropogenic,unvegetated,other,none,994,Anthropogenic,CD6666,Agricultural,Agricultural,none,none,none,none,none
5. Anthropogenic,various,other,none,995,Anthropogenic,CD6666,Disturbed Vegetation,Disturbed Vegetation,none,none,none,none,none
5. Anthropogenic,unvegetated,other,none,996,Anthropogenic,FF0000,Infrastructure,Infrastructure,none,none,none,none,none
1. Temperate,unvegetated,barren,alpine,51,Barren,FFFFBE,Barren,Alaska Pacific Alpine Barren & Sparsely Vegetated,group,M101,North Pacific Coastal Alpine Tundra,G1203,Alaska Pacific Alpine Bedrock & Scree
1. Temperate,unvegetated,barren,none,100,Barren,FFFFBE,Barren,Alaska Pacific Barren & Sparsely Vegetated,group,M887,"Western North American Cliff, Scree & Rock",G318,"North Pacific Montane Cliff, Scree & Rock"
1. Temperate,unvegetated,barren,riverine,85,Barren,FFFFBE,Barren,Alaska Pacific Barren & Sparsely Vegetated Active Floodplain,alliance,M558,"Alaska Pacific Marsh, Wet Meadow & Shrub Wetland",G1210,Alaska Pacific Shrub & Graminoid Floodplain
1. Temperate,unvegetated,barren,coastal,41,Barren,FFFFBE,Barren,Alaska Pacific Coastal & Estuarine Barren,subgroup,M059,Pacific Coastal Beach & Dune,G498,North Pacific Maritime Dune & Coastal Beach
2. Northern Subpolar Oceanic,unvegetated,barren,none,110,Barren,FFFFBE,Barren,Aleutian-Kamchatka Barren & Sparsely Vegetated,group,M887,"Western North American Cliff, Scree & Rock",G1192,"Aleutian-Kamchatka Cliff, Scree & Rock"
2. Northern Subpolar Oceanic,unvegetated,barren,riverine,104,Barren,FFFFBE,Barren,Aleutian-Kamchatka Barren & Sparsely Vegetated Active Floodplain,alliance,M558,"Alaska Pacific Marsh, Wet Meadow & Shrub Wetland",G1207,Aleutian-Kamchatka Shrub & Graminoid Floodplain
3. Boreal,unvegetated,barren,alpine,176,Barren,FFFFBE,Barren,Alaska-Yukon Alpine Barren & Sparsely Vegetated,group,M404,Western Boreal Alpine Tundra,G785,"Western Boreal Alpine Cliff, Scree & Rock"
3. Boreal,unvegetated,barren,none,250,Barren,FFFFBE,Barren,Alaska-Yukon Barren & Sparsely Vegetated,group,M895,"North American Boreal Cliff, Scree & Rock",G822,"Western Boreal Cliff, Scree & Rock"
3. Boreal,unvegetated,barren,riverine,224,Barren,FFFFBE,Barren,Alaska-Yukon Barren & Sparsely Vegetated Active Floodplain,alliance,M894,"North American Boreal Marsh, Wet Meadow & Shrubland",G1194,Western Boreal Shrub & Graminoid Floodplain
4. Arctic,unvegetated,barren,none,330,Barren,FFFFBE,Barren,Arctic Barren & Sparsely Vegetated,group,M175,"Arctic Scree, Rock & Cliff Barrens",G869,"Arctic Open Scree, Rock & Cliff Barrens"
4. Arctic,unvegetated,barren,riverine,315,Barren,FFFFBE,Barren,Arctic Barren & Sparsely Vegetated Active Floodplain,subgroup,M870,Arctic Freshwater Marsh and Riverine Herbaceous & Shrubland,G1204,Arctic Shrub & Graminoid Floodplain
4. Arctic,unvegetated,barren,coastal,302,Barren,FFFFBE,Barren,Arctic Coastal & Estuarine Barren,alliance,M402,North American Arctic Coastal Shore,G864,Arctic Coastal Dune & Beach
1. Temperate,coniferous tree,peatland,ombrotrophic,93,Bog,AEFFB9,Needleleaf Bog,"Alaska Pacific Sitka Spruce (-Shore Pine) Peatland, Ombrotrophic",alliance,M559,North Pacific Bog & Acidic Fen,G610,North Pacific Maritime Wooded Bog & Poor Fen
3. Boreal,coniferous tree,peatland,ombrotrophic,202,Bog,AEFFB9,Needleleaf Bog,"Alaska-Yukon Black Spruce Peatland, Ombrotrophic",,M876,North American Boreal & Subboreal Bog & Acidic Fen,G360,Western Boreal Bog & Acidic Fen
3. Boreal,coniferous tree,wet vegetation,ombrotrophic,216,Bog,AEFFB9,Needleleaf Bog,"Alaska-Yukon White Spruce Peatland, Ombrotrophic",,M876,North American Boreal & Subboreal Bog & Acidic Fen,G360,Western Boreal Bog & Acidic Fen
3. Boreal,coniferous tree,wet vegetation,none,217,Bog,D3FFD9,Needleleaf Tamarack Bog,Alaska-Yukon Tamarack (-Black Spruce) Peatland,,M876,North American Boreal & Subboreal Bog & Acidic Fen,G360,Western Boreal Bog & Acidic Fen
3. Boreal,coniferous tree,peatland,ombrotrophic,203,Bog,A0EAAA,Needleleaf Tussock,"Alaska-Yukon Black Spruce-Tussock Peatland, Ombrotrophic",,M876,North American Boreal & Subboreal Bog & Acidic Fen,G360,Western Boreal Bog & Acidic Fen
1. Temperate,various,peatland,ombrotrophic,91,Bog,739878,Sedge-Sphagnum Bog,"Alaska Pacific (Dwarf Shrub) Sedge-Sphagnum Peatland, Ombrotrophic",subgroup,M559,North Pacific Bog & Acidic Fen,G284,North Pacific Open Bog & Acidic Fen
3. Boreal,various,peatland,ombrotrophic,201,Bog,739878,Sedge-Sphagnum Bog,"Alaska-Yukon (Dwarf Shrub) Sedge-Sphagnum Peatland, Ombrotrophic",subgroup,M876,North American Boreal & Subboreal Bog & Acidic Fen,G360,Western Boreal Bog & Acidic Fen
4. Arctic,herbaceous,peatland,ombrotrophic,262,Bog,739878,Sedge-Sphagnum Bog,"Arctic (Dwarf Shrub) Sedge-Sphagnum Peatland, Ombrotrophic",alliance,M001ak,Arctic Permafrost Bog and Acidic Fen,G0001ak,"Arctic Permafrost Peatland, Ombrotrophic"
1. Temperate,shrub,peatland,ombrotrophic,92,Bog,82BA89,Shrub-Sphagnum Bog,"Alaska Pacific Shrub-Sphagnum Peatland, Ombrotrophic",subgroup,M559,North Pacific Bog & Acidic Fen,G284,North Pacific Open Bog & Acidic Fen
3. Boreal,shrub,peatland,ombrotrophic,204,Bog,82BA89,Shrub-Sphagnum Bog,"Alaska-Yukon Shrub-Sphagnum Peatland, Ombrotrophic",subgroup,M876,North American Boreal & Subboreal Bog & Acidic Fen,G360,Western Boreal Bog & Acidic Fen
4. Arctic,shrub,peatland,ombrotrophic,261,Bog,82BA89,Shrub-Sphagnum Bog,"Arctic Shrub-Sedge Peatland, Ombrotrophic",alliance,M001ak,Arctic Permafrost Bog and Acidic Fen,G0001ak,"Arctic Permafrost Peatland, Ombrotrophic"
3. Boreal,various,peatland,ombrotrophic,205,Bog,92B179,Tussock Bog,"Alaska-Yukon Tussock Peatland, Ombrotrophic",,M876,North American Boreal & Subboreal Bog & Acidic Fen,G360,Western Boreal Bog & Acidic Fen
3. Boreal,deciduous tree,steppe bluff,none,161,Broadleaf,72D0D1,Aspen Forest,Alaska-Yukon Aspen Dry Woodland / Steppe Bluff,,M179,North American Northern Boreal Woodland,G349,Alaskan Boreal Dry Woodland
3. Boreal,deciduous tree,mesic vegetation,none,162,Broadleaf,5FADAD,Aspen Successional Forest,Alaska-Yukon Aspen Forest Mesic (Successional),,M179,North American Northern Boreal Woodland,G349,Alaskan Boreal Dry Woodland
1. Temperate,deciduous tree,mesic vegetation,none,2,Broadleaf,3B6C6C,Birch Forest,Alaska Pacific Birch Forest Mesic,subgroup,M024,North Pacific Coastal Rainforest,G750,Coastal Alaskan Western Hemlock - Sitka Spruce Rainforest
3. Boreal,deciduous tree,mesic vegetation,none,111,Broadleaf,3B6C6C,Birch Forest,Alaska-Yukon Birch Forest Mesic (Central),,M156,Alaska-Yukon North American Boreal Forest,G579,Central Alaska-Yukon Boreal Mesic Forest
3. Boreal,deciduous tree,mesic vegetation,none,131,Broadleaf,3B6C6C,Birch Forest,Alaska-Yukon Birch Forest Mesic (Southern),,M156,Alaska-Yukon North American Boreal Forest,G627,Southern Alaskan Boreal Mesic Forest
1. Temperate,mixed tree,mesic vegetation,none,3,Broadleaf,4A8788,Poplar Forest,Alaska Pacific Sitka Spruce-Cottonwood Forest Mesic,subgroup,M024,North Pacific Coastal Rainforest,G750,Coastal Alaskan Western Hemlock - Sitka Spruce Rainforest
3. Boreal,deciduous tree,mesic vegetation,none,136,Broadleaf,4A8788,Poplar Forest,Alaska-Yukon Poplar Forest Mesic (Southern),,M156,Alaska-Yukon North American Boreal Forest,G627,Southern Alaskan Boreal Mesic Forest
3. Boreal,deciduous tree,mesic vegetation,none,153,Broadleaf,4A8788,Poplar Forest,Alaska-Yukon Poplar Woodland Mesic,,M179,North American Northern Boreal Woodland,G1195,Alaska-Yukon Northern & Montane Boreal Mesic Woodland
1. Temperate,herbaceous,beach,coastal,42,Coastal,FFEAC2,Beach,Alaska Pacific Herbaceous Coastal Dune & Beach,subgroup,M059,Pacific Coastal Beach & Dune,G498,North Pacific Maritime Dune & Coastal Beach
4. Arctic,herbaceous,beach,coastal,303,Coastal,FFEAC2,Beach,Arctic Herbaceous Coastal Dune & Beach,group,M402,North American Arctic Coastal Shore,G864,Arctic Coastal Dune & Beach
4. Arctic,herbaceous,tidal marsh,coastal,305,Coastal,7BFFE1,Dwarf Willow Salt Marsh,Arctic Coastal Dwarf Willow Graminoid,alliance,M403,Arctic Tidal Salt Marsh,G535,Arctic & Subarctic Coastal Salt Marsh
1. Temperate,herbaceous,tidal marsh,coastal,43,Coastal,00FFC5,Salt Marsh,Alaska Pacific Coastal Salt Marsh,group,M081,North American Pacific Coastal Salt Marsh,G499,Temperate Pacific Salt Marsh
4. Arctic,herbaceous,tidal marsh,coastal,306,Coastal,00FFC5,Salt Marsh,Arctic Coastal Salt Marsh,subgroup,M403,Arctic Tidal Salt Marsh,G535,Arctic & Subarctic Coastal Salt Marsh
4. Arctic,herbaceous,dune,none,281,Dune,FFA089,Dune,Arctic Herbaceous Inland Dune,alliance,M173,Arctic Dry-Moist Tundra,G863,Arctic Inland Dune
4. Arctic,shrub,dune,none,282,Dune,FFA089,Dune,Arctic Willow Inland Dune,alliance,M173,Arctic Dry-Moist Tundra,G863,Arctic Inland Dune
3. Boreal,various,dune,none,195,Dune,FFA089,Inland Dune,Alaska-Yukon Inland Dune,group,M537,North American Boreal Shrubland & Grassland,G374,Western Boreal Inland Dune
3. Boreal,herbaceous,steppe bluff,none,194,Dune,FFBFAF,Steppe Bluff,Alaska-Yukon Herbaceous Steppe Bluff,,M537,North American Boreal Shrubland & Grassland,G359,Western Boreal Dry Shrubland & Grassland
1. Temperate,dwarf shrub,mesic vegetation,alpine,53,Dwarf Shrub,3B5D8A,Dryas Dwarf,Alaska Pacific Alpine Dryas Dwarf Shrub,alliance,M101,North Pacific Coastal Alpine Tundra,G968,Alaska Pacific Alpine Shrubland
3. Boreal,dwarf shrub,mesic vegetation,none,171,Dwarf Shrub,3B5D8A,Dryas Dwarf,Alaska-Yukon Dryas-Ericaceous Dwarf Shrub,,M404,Western Boreal Alpine Tundra,G613,Western Boreal Alpine Dwarf-shrubland
4. Arctic,dwarf shrub,mesic vegetation,none,283,Dwarf Shrub,3B5D8A,Dryas Dwarf,Arctic Dryas (-Willow) Dwarf Shrub,subgroup,M173,Arctic Dry-Moist Tundra,G896,Arctic Dwarf-shrub Tundra
1. Temperate,dwarf shrub,mesic vegetation,alpine,54,Dwarf Shrub,68A9FF,Ericaceous Dwarf,Alaska Pacific Alpine Ericaceous Dwarf Shrub,subgroup,M101,North Pacific Coastal Alpine Tundra,G968,Alaska Pacific Alpine Shrubland
2. Northern Subpolar Oceanic,dwarf shrub,mesic vegetation,none,101,Dwarf Shrub,68A9FF,Ericaceous Dwarf,Aleutian-Kamchatka Ericaceous (-Willow) Dwarf Shrub Mesic,group,M539,"Aleutian-Kamchatka Maritime Heath, Shrub & Meadow",G362,Aleutian-Kamchatka Ericaceous Dwarf-shrubland
3. Boreal,dwarf shrub,mesic vegetation,none,174,Dwarf Shrub,68A9FF,Ericaceous Dwarf,Alaska-Yukon Ericaceous Dwarf Shrub,,M404,Western Boreal Alpine Tundra,G613,Western Boreal Alpine Dwarf-shrubland
4. Arctic,dwarf shrub,mesic vegetation,none,284,Dwarf Shrub,68A9FF,Ericaceous Dwarf,Arctic Ericaceous (-Dryas) Dwarf Shrub,subgroup,M173,Arctic Dry-Moist Tundra,G896,Arctic Dwarf-shrub Tundra
1. Temperate,dwarf shrub,mesic vegetation,alpine,55,Dwarf Shrub,457CC5,Willow Dwarf,Alaska Pacific Alpine Willow (-Dryas) Dwarf Shrub,alliance,M101,North Pacific Coastal Alpine Tundra,G968,Alaska Pacific Alpine Shrubland
3. Boreal,dwarf shrub,mesic vegetation,none,172,Dwarf Shrub,457CC5,Willow Dwarf,Alaska-Yukon Dryas-Willow Dwarf Shrub,,M404,Western Boreal Alpine Tundra,G613,Western Boreal Alpine Dwarf-shrubland
1. Temperate,herbaceous,peatland,minerotrophic,94,Fen,E7F3B2,Sedge Fen,"Alaska Pacific Sedge Peatland, Minerotrophic",subgroup,M560,North Pacific Alkaline Fen,G285,North Pacific Alkaline Open Fen
3. Boreal,herbaceous,peatland,minerotrophic,206,Fen,E7F3B2,Sedge Fen,"Alaska-Yukon Sedge Peatland, Minerotrophic",subgroup,M877,North American Boreal & Subboreal Alkaline Fen,G361,Western Boreal Alkaline Fen
4. Arctic,herbaceous,peatland,minerotrophic,263,Fen,E7F3B2,Sedge Fen,"Arctic Brown Moss-Sedge Peatland, Minerotrophic",alliance,M002ak,Arctic Permafrost Alkaline Fen,G0002ak,"Arctic Permafrost Peatland, Minerotrophic"
1. Temperate,shrub,peatland,minerotrophic,95,Fen,B6BF8C,Shrub-Sedge Fen,"Alaska Pacific Shrub-Sedge Peatland, Minerotrophic",subgroup,M560,North Pacific Alkaline Fen,G285,North Pacific Alkaline Open Fen
3. Boreal,shrub,peatland,minerotrophic,207,Fen,B6BF8C,Shrub-Sedge Fen,"Alaska-Yukon Shrub-Sedge Peatland, Minerotrophic",subgroup,M877,North American Boreal & Subboreal Alkaline Fen,G361,Western Boreal Alkaline Fen
4. Arctic,shrub,peatland,minerotrophic,264,Fen,B6BF8C,Shrub-Sedge Fen,"Arctic Shrub-Sedge Peatland, Minerotrophic",alliance,M002ak,Arctic Permafrost Alkaline Fen,G0002ak,"Arctic Permafrost Peatland, Minerotrophic"
1. Temperate,shrub,mesic vegetation,riverine,84,Floodplain,A898BE,Alder-Willow Floodplain,Alaska Pacific Alder-Willow Active Floodplain,subgroup,M558,"Alaska Pacific Marsh, Wet Meadow & Shrub Wetland",G1210,Alaska Pacific Shrub & Graminoid Floodplain
3. Boreal,shrub,mesic vegetation,riverine,221,Floodplain,A898BE,Alder-Willow Floodplain,Alaska-Yukon Alder-Willow Active Floodplain,,M894,"North American Boreal Marsh, Wet Meadow & Shrubland",G1194,Western Boreal Shrub & Graminoid Floodplain
4. Arctic,shrub,mesic vegetation,riverine,311,Floodplain,A898BE,Alder-Willow Floodplain,Arctic Alder (-Willow) Active Floodplain,subgroup,M870,Arctic Freshwater Marsh and Riverine Herbaceous & Shrubland,G1204,Arctic Shrub & Graminoid Floodplain
3. Boreal,deciduous tree,mesic vegetation,riverine,213,Floodplain,935B79,Birch Floodplain,Birch (-White Spruce) Active Floodplain,,M300,North American Boreal Flooded & Rich Swamp Forest,G548,Alaska-Yukon Boreal Floodplain Forest
1. Temperate,dwarf shrub,mesic vegetation,riverine,86,Floodplain,E1D6F3,Dryas Floodplain,Alaska Pacific Dryas Dwarf Shrub Active Floodplain,alliance,M558,"Alaska Pacific Marsh, Wet Meadow & Shrub Wetland",G1210,Alaska Pacific Shrub & Graminoid Floodplain
4. Arctic,dwarf shrub,mesic vegetation,riverine,313,Floodplain,E1D6F3,Dryas Floodplain,Arctic Dryas (-Willow-Ericaceous) Active Floodplain,subgroup,M870,Arctic Freshwater Marsh and Riverine Herbaceous & Shrubland,G1204,Arctic Shrub & Graminoid Floodplain
1. Temperate,herbaceous,mesic vegetation,riverine,87,Floodplain,FFFF00,Herbaceous Floodplain,Alaska Pacific Forb-Graminoid Active Floodplain,alliance,M558,"Alaska Pacific Marsh, Wet Meadow & Shrub Wetland",G1210,Alaska Pacific Shrub & Graminoid Floodplain
2. Northern Subpolar Oceanic,herbaceous,mesic vegetation,riverine,105,Floodplain,FFFF00,Herbaceous Floodplain,Aleutian-Kamchatka Forb-Graminoid Active Floodplain,subgroup,M558,"Alaska Pacific Marsh, Wet Meadow & Shrub Wetland",G1207,Aleutian-Kamchatka Shrub & Graminoid Floodplain
3. Boreal,herbaceous,mesic vegetation,riverine,223,Floodplain,FFFF00,Herbaceous Floodplain,Alaska-Yukon Herbaceous Active Floodplain,,M894,"North American Boreal Marsh, Wet Meadow & Shrubland",G1194,Western Boreal Shrub & Graminoid Floodplain
4. Arctic,herbaceous,mesic vegetation,riverine,314,Floodplain,FFFF00,Herbaceous Floodplain,Arctic Herbaceous Active Floodplain,subgroup,M870,Arctic Freshwater Marsh and Riverine Herbaceous & Shrubland,G1204,Arctic Shrub & Graminoid Floodplain
1. Temperate,deciduous tree,wet vegetation,riverine,22,Floodplain,B87788,Poplar Floodplain,Alaska Pacific Cottonwood Riparian Forest,alliance,M035,North Pacific Forested Wetland,G852,Alaska Pacific Riparian Forest
3. Boreal,deciduous tree,mesic vegetation,riverine,214,Floodplain,B87788,Poplar Floodplain,Poplar (-White Spruce) Active Floodplain,,M300,North American Boreal Flooded & Rich Swamp Forest,G548,Alaska-Yukon Boreal Floodplain Forest
1. Temperate,deciduous tree,wet vegetation,riverine,23,Floodplain,000000,Red Alder Floodplain,Alaska Pacific Red Alder Riparian Forest,alliance,M035,North Pacific Forested Wetland,G852,Alaska Pacific Riparian Forest
1. Temperate,mixed tree,wet vegetation,riverine,21,Floodplain,6A1837,Spruce Floodplain,Alaska Pacific Cottonwood-Sitka Spruce / Western Hemlock Riparian Forest,alliance,M035,North Pacific Forested Wetland,G852,Alaska Pacific Riparian Forest
1. Temperate,coniferous tree,wet vegetation,riverine,24,Floodplain,6A1837,Spruce Floodplain,Alaska Pacific Sitka Spruce Riparian Forest,alliance,M035,North Pacific Forested Wetland,G852,Alaska Pacific Riparian Forest
3. Boreal,coniferous tree,mesic vegetation,riverine,212,Floodplain,6A1837,Spruce Floodplain,Alaska-Yukon White Spruce Active Floodplain,,M300,North American Boreal Flooded & Rich Swamp Forest,G548,Alaska-Yukon Boreal Floodplain Forest
1. Temperate,shrub,mesic vegetation,riverine,88,Floodplain,C5BCD5,Willow Floodplain,Alaska Pacific Willow Active Floodplain,subgroup,M558,"Alaska Pacific Marsh, Wet Meadow & Shrub Wetland",G1210,Alaska Pacific Shrub & Graminoid Floodplain
2. Northern Subpolar Oceanic,shrub,mesic vegetation,riverine,106,Floodplain,C5BCD5,Willow Floodplain,Aleutian-Kamchatka Willow Active Floodplain,subgroup,M558,"Alaska Pacific Marsh, Wet Meadow & Shrub Wetland",G1207,Aleutian-Kamchatka Shrub & Graminoid Floodplain
3. Boreal,shrub,mesic vegetation,riverine,222,Floodplain,C5BCD5,Willow Floodplain,Alaska-Yukon Willow Active Floodplain,,M894,"North American Boreal Marsh, Wet Meadow & Shrubland",G1194,Western Boreal Shrub & Graminoid Floodplain
4. Arctic,shrub,mesic vegetation,riverine,312,Floodplain,C5BCD5,Willow Floodplain,Arctic Willow Active Floodplain,subgroup,M870,Arctic Freshwater Marsh and Riverine Herbaceous & Shrubland,G1204,Arctic Shrub & Graminoid Floodplain
1. Temperate,herbaceous,freshwater marsh,none,75,Herbaceous,8400A8,Freshwater Marsh,Alaska Pacific Freshwater Marsh,subgroup,M558,"Alaska Pacific Marsh, Wet Meadow & Shrub Wetland",G1208,Alaska Pacific Marsh & Wet Meadow
3. Boreal,herbaceous,freshwater marsh,none,228,Herbaceous,8400A8,Freshwater Marsh,Alaska-Yukon Freshwater Marsh,,M894,"North American Boreal Marsh, Wet Meadow & Shrubland",G528,Western Boreal Wet Meadow & Marsh
4. Arctic,herbaceous,freshwater marsh,none,322,Herbaceous,8400A8,Freshwater Marsh,Arctic Freshwater Marsh,group,M870,Arctic Freshwater Marsh and Riverine Herbaceous & Shrubland,G370,Arctic Freshwater Marsh
1. Temperate,herbaceous,mesic vegetation,alpine,52,Herbaceous,DDFF00,Herbaceous Mesic,Alaska Pacific Alpine Mesic Meadow,group,M101,North Pacific Coastal Alpine Tundra,G1191,Alaska Pacific Alpine Mesic Meadow
1. Temperate,herbaceous,mesic vegetation,none,71,Herbaceous,DDFF00,Herbaceous Mesic,Alaska Pacific Calamagrostis - Forb Herbaceous Mesic,subgroup,M172,North Pacific Coastal Lowland-Montane Grassland & Shrubland,G355,Alaska Pacific Grassland & Meadow
1. Temperate,herbaceous,mesic vegetation,none,72,Herbaceous,DDFF00,Herbaceous Mesic,Alaska Pacific Forb (-Fern) Herbaceous Mesic,subgroup,M172,North Pacific Coastal Lowland-Montane Grassland & Shrubland,G355,Alaska Pacific Grassland & Meadow
2. Northern Subpolar Oceanic,herbaceous,mesic vegetation,none,103,Herbaceous,DDFF00,Herbaceous Mesic,Aleutian-Kamchatka Graminoid - Forb Mesic,group,M539,"Aleutian-Kamchatka Maritime Heath, Shrub & Meadow",G861,Aleutian-Kamchatka Mesic Forb Meadow
3. Boreal,herbaceous,mesic vegetation,alpine,175,Herbaceous,DDFF00,Herbaceous Mesic,Alaska-Yukon Alpine Meadow Mesic,group,M404,Western Boreal Alpine Tundra,G747,Western Boreal Alpine Acidic Mesic Meadow
3. Boreal,herbaceous,mesic vegetation,none,191,Herbaceous,DDFF00,Herbaceous Mesic,Alaska-Yukon Calamagrostis-Forb Meadow Mesic,,M537,North American Boreal Shrubland & Grassland,G358,Western Boreal Mesic Grassland & Meadow
3. Boreal,herbaceous,mesic vegetation,none,192,Herbaceous,DDFF00,Herbaceous Mesic,Alaska-Yukon Forb-Graminoid Meadow Mesic Acidic,,M537,North American Boreal Shrubland & Grassland,G358,Western Boreal Mesic Grassland & Meadow
3. Boreal,herbaceous,mesic vegetation,none,193,Herbaceous,DDFF00,Herbaceous Mesic,Alaska-Yukon Forb-Graminoid Meadow Mesic Alkaline,,M537,North American Boreal Shrubland & Grassland,G358,Western Boreal Mesic Grassland & Meadow
4. Arctic,herbaceous,mesic vegetation,none,276,Herbaceous,DDFF00,Herbaceous Mesic,Arctic Herbaceous Non-Tussock Tundra,group,M173,Arctic Dry-Moist Tundra,G1199,Arctic Nontussock Tundra
1. Temperate,herbaceous,wet vegetation,none,74,Herbaceous,00FFFF,Herbaceous Wet,Alaska Pacific Forb-Graminoid Wet Meadow (Mineral/Riverine),subgroup,M558,"Alaska Pacific Marsh, Wet Meadow & Shrub Wetland",G1208,Alaska Pacific Marsh & Wet Meadow
1. Temperate,herbaceous,wet vegetation,none,76,Herbaceous,00FFFF,Herbaceous Wet,Alaska Pacific Sedge Wet Meadow (Mineral/Riverine),subgroup,M558,"Alaska Pacific Marsh, Wet Meadow & Shrub Wetland",G1208,Alaska Pacific Marsh & Wet Meadow
1. Temperate,herbaceous,wet vegetation,none,73,Herbaceous,00FFFF,Herbaceous Wet,Alaska Pacific Sedge-Calamagrostis Wet Meadow (Mineral/Riverine),subgroup,M558,"Alaska Pacific Marsh, Wet Meadow & Shrub Wetland",G1208,Alaska Pacific Marsh & Wet Meadow
3. Boreal,herbaceous,wet vegetation,riverine,227,Herbaceous,00FFFF,Herbaceous Wet,Alaska-Yukon Forb-Graminoid Meadow Wet (Mineral/Riverine),,M894,"North American Boreal Marsh, Wet Meadow & Shrubland",G528,Western Boreal Wet Meadow & Marsh
3. Boreal,herbaceous,wet vegetation,riverine,225,Herbaceous,00FFFF,Herbaceous Wet,Alaska-Yukon Sedge Wet Meadow (Mineral/Riverine),,M894,"North American Boreal Marsh, Wet Meadow & Shrubland",G528,Western Boreal Wet Meadow & Marsh
3. Boreal,herbaceous,wet vegetation,riverine,226,Herbaceous,00FFFF,Herbaceous Wet,Alaska-Yukon Sedge-Calamagrostis Wet Meadow (Mineral/Riverine),,M894,"North American Boreal Marsh, Wet Meadow & Shrubland",G528,Western Boreal Wet Meadow & Marsh
4. Arctic,herbaceous,wet vegetation,riverine,321,Herbaceous,00FFFF,Herbaceous Wet,Arctic Wet Meadow (Mineral/Riverine),group,M870,Arctic Freshwater Marsh and Riverine Herbaceous & Shrubland,G617,Arctic Wet Meadow
4. Arctic,various,complex,none,252,Herbaceous,00391F,Non-tussock Polygonal Complex,Arctic Non-Tussock Polygonal Complex,complex,complex,complex,complex,complex
3. Boreal,dwarf shrub,mesic vegetation,none,173,Lichen,E1E1E1,Lichen,Alaska-Yukon Dwarf Shrub-Lichen,,M404,Western Boreal Alpine Tundra,G613,Western Boreal Alpine Dwarf-shrubland
4. Arctic,shrub,mesic vegetation,none,294,Lichen,E1E1E1,Lichen,Arctic Ericaceous (-Birch) Lichen Tundra,none,M173,Arctic Dry-Moist Tundra,,
3. Boreal,coniferous tree,mesic vegetation,none,112,Needleleaf,438C00,Black Spruce Mesic,Alaska-Yukon Black Spruce Forest Mesic (Central),,M156,Alaska-Yukon North American Boreal Forest,G579,Central Alaska-Yukon Boreal Mesic Forest
3. Boreal,coniferous tree,mesic vegetation,none,132,Needleleaf,438C00,Black Spruce Mesic,Alaska-Yukon Black Spruce Forest Mesic (Southern),,M156,Alaska-Yukon North American Boreal Forest,G627,Southern Alaskan Boreal Mesic Forest
3. Boreal,coniferous tree,mesic vegetation,none,151,Needleleaf,438C00,Black Spruce Mesic,Alaska-Yukon Black Spruce Woodland Mesic,,M179,North American Northern Boreal Woodland,G1195,Alaska-Yukon Northern & Montane Boreal Mesic Woodland
3. Boreal,coniferous tree,mesic vegetation,none,114,Needleleaf,438C00,Black Spruce Mesic,Alaska-Yukon Mixed Spruce Forest Mesic (Central),,M156,Alaska-Yukon North American Boreal Forest,G579,Central Alaska-Yukon Boreal Mesic Forest
3. Boreal,coniferous tree,mesic vegetation,none,134,Needleleaf,438C00,Black Spruce Mesic,Alaska-Yukon Mixed Spruce Forest Mesic (Southern),,M156,Alaska-Yukon North American Boreal Forest,G627,Southern Alaskan Boreal Mesic Forest
3. Boreal,coniferous tree,mesic vegetation,none,152,Needleleaf,438C00,Black Spruce Mesic,Alaska-Yukon Mixed Spruce Woodland Mesic,,M179,North American Northern Boreal Woodland,G1195,Alaska-Yukon Northern & Montane Boreal Mesic Woodland
3. Boreal,coniferous tree,wet vegetation,none,211,Needleleaf,61CA00,Black Spruce Wet,Alaska-Yukon Black Spruce Forest Wet,group,M299,North American Boreal Conifer Poor Swamp,G546,Alaska-Yukon Boreal Black Spruce Wet Forest
3. Boreal,mixed tree,mesic vegetation,none,113,Needleleaf,47FF00,Black Spruce-Deciduous,Alaska-Yukon Black Spruce-Deciduous Forest Mesic (Central),,M156,Alaska-Yukon North American Boreal Forest,G579,Central Alaska-Yukon Boreal Mesic Forest
3. Boreal,mixed tree,mesic vegetation,none,133,Needleleaf,47FF00,Black Spruce-Deciduous,Alaska-Yukon Black Spruce-Deciduous Forest Mesic (Southern),,M156,Alaska-Yukon North American Boreal Forest,G627,Southern Alaskan Boreal Mesic Forest
3. Boreal,mixed tree,mesic vegetation,none,115,Needleleaf,47FF00,Black Spruce-Deciduous,Alaska-Yukon Mixed Spruce-Deciduous Forest Mesic (Central),,M156,Alaska-Yukon North American Boreal Forest,G579,Central Alaska-Yukon Boreal Mesic Forest
3. Boreal,mixed tree,mesic vegetation,none,135,Needleleaf,47FF00,Black Spruce-Deciduous,Alaska-Yukon Mixed Spruce-Deciduous Forest Mesic (Southern),,M156,Alaska-Yukon North American Boreal Forest,G627,Southern Alaskan Boreal Mesic Forest
1. Temperate,coniferous tree,mesic vegetation,none,1,Needleleaf,68A08F,Fir Forest,Alaska Pacific Silver Fir (-Western Hemlock) Forest Mesic,group,M024,North Pacific Coastal Rainforest,G241,Coastal Silver Fir - Western Hemlock Rainforest
1. Temperate,coniferous tree,mesic vegetation,none,15,Needleleaf,68A08F,Fir Forest,Alaska Pacific Subalpine Fir (-Mountain Hemlock) Forest Mesic,alliance,M025,Vancouverian Subalpine-High Montane Forest,G850,Alaskan Mountain Hemlock Forest
1. Temperate,coniferous tree,mesic vegetation,none,12,Needleleaf,00391F,Mountain Hemlock Mesic,Alaska Pacific Mountain Hemlock Forest Mesic,alliance,M025,Vancouverian Subalpine-High Montane Forest,G850,Alaskan Mountain Hemlock Forest
1. Temperate,coniferous tree,mesic vegetation,none,11,Needleleaf,00391F,Mountain Hemlock Mesic,Alaska Pacific Mountain Hemlock-Sitka/Lutz Spruce Forest Mesic,alliance,M025,Vancouverian Subalpine-High Montane Forest,G850,Alaskan Mountain Hemlock Forest
1. Temperate,coniferous tree,mesic vegetation,subalpine,13,Needleleaf,81C6B1,Pacific Subalpine Woodland,Alaska Pacific Mountain Hemlock Subalpine Woodland Mesic,alliance,M025,Vancouverian Subalpine-High Montane Forest,G850,Alaskan Mountain Hemlock Forest
1. Temperate,coniferous tree,mesic vegetation,subalpine,14,Needleleaf,81C6B1,Pacific Subalpine Woodland,Alaska Pacific Sitka Spruce Subalpine Woodland Mesic,alliance,M025,Vancouverian Subalpine-High Montane Forest,G850,Alaskan Mountain Hemlock Forest
1. Temperate,coniferous tree,mesic vegetation,subalpine,16,Needleleaf,81C6B1,Pacific Subalpine Woodland,Alaska Pacific Subalpine Fir Subalpine Woodland Mesic,alliance,M025,Vancouverian Subalpine-High Montane Forest,G850,Alaskan Mountain Hemlock Forest
1. Temperate,coniferous tree,mesic vegetation,none,4,Needleleaf,005C32,Sitka Spruce Mesic,Alaska Pacific Sitka Spruce Forest Mesic,subgroup,M024,North Pacific Coastal Rainforest,G750,Coastal Alaskan Western Hemlock - Sitka Spruce Rainforest
1. Temperate,coniferous tree,mesic vegetation,none,8,Needleleaf,005C32,Sitka Spruce Mesic,North Pacific Sitka Spruce Forest Mesic,subgroup,M024,North Pacific Coastal Rainforest,G751,Coastal Western Hemlock - Sitka Spruce Rainforest
1. Temperate,coniferous tree,wet vegetation,none,31,Needleleaf,00E37C,Sitka Spruce Wet,Alaska Pacific Sitka Spruce - Mountain Hemlock Forest Wet,alliance,M035,North Pacific Forested Wetland,G854,Alaska Pacific Swamp
1. Temperate,coniferous tree,wet vegetation,none,32,Needleleaf,00E37C,Sitka Spruce Wet,Alaska Pacific Sitka Spruce Forest Wet,alliance,M035,North Pacific Forested Wetland,G854,Alaska Pacific Swamp
3. Boreal,coniferous tree,mesic vegetation,none,154,Needleleaf,A1C6BB,Spruce-Lichen,Alaska-Yukon Spruce-Lichen Woodland Mesic,,M179,North American Northern Boreal Woodland,G1195,Alaska-Yukon Northern & Montane Boreal Mesic Woodland
1. Temperate,coniferous tree,mesic vegetation,none,5,Needleleaf,2E5C55,Western Hemlock Mesic,Alaska Pacific Western Hemlock (-Sitka Spruce) Forest Mesic,subgroup,M024,North Pacific Coastal Rainforest,G750,Coastal Alaskan Western Hemlock - Sitka Spruce Rainforest
1. Temperate,coniferous tree,mesic vegetation,none,6,Needleleaf,2E5C55,Western Hemlock Mesic,Alaska Pacific Western Redcedar (-Western Hemlock) Forest Mesic,subgroup,M024,North Pacific Coastal Rainforest,G750,Coastal Alaskan Western Hemlock - Sitka Spruce Rainforest
1. Temperate,coniferous tree,mesic vegetation,none,9,Needleleaf,2E5C55,Western Hemlock Mesic,North Pacific Western Hemlock (-Sitka Spruce) Forest Mesic,subgroup,M024,North Pacific Coastal Rainforest,G751,Coastal Western Hemlock - Sitka Spruce Rainforest
1. Temperate,coniferous tree,mesic vegetation,none,10,Needleleaf,2E5C55,Western Hemlock Mesic,North Pacific Western Redcedar (-Western Hemlock) Forest Mesic,subgroup,M024,North Pacific Coastal Rainforest,G751,Coastal Western Hemlock - Sitka Spruce Rainforest
1. Temperate,coniferous tree,wet vegetation,none,33,Needleleaf,0D7464,Western Hemlock Wet,Alaska Pacific Western Hemlock (-Sitka Spruce) Forest Wet,,M035,North Pacific Forested Wetland,G854,Alaska Pacific Swamp
3. Boreal,coniferous tree,mesic vegetation,none,117,Needleleaf,005C32,White Spruce Mesic,Alaska-Yukon White Spruce Forest Mesic (Central),,M156,Alaska-Yukon North American Boreal Forest,G579,Central Alaska-Yukon Boreal Mesic Forest
3. Boreal,coniferous tree,mesic vegetation,none,138,Needleleaf,005C32,White Spruce Mesic,Alaska-Yukon White Spruce Forest Mesic (Southern),,M156,Alaska-Yukon North American Boreal Forest,G627,Southern Alaskan Boreal Mesic Forest
3. Boreal,coniferous tree,mesic vegetation,none,155,Needleleaf,005C32,White Spruce Mesic,Alaska-Yukon White Spruce Woodland Mesic,,M179,North American Northern Boreal Woodland,G1195,Alaska-Yukon Northern & Montane Boreal Mesic Woodland
3. Boreal,coniferous tree,wet vegetation,none,215,Needleleaf,00E37C,White Spruce Wet,Alaska-Yukon White Spruce Forest Wet,,M299,North American Boreal Conifer Poor Swamp,none,none
3. Boreal,mixed tree,mesic vegetation,none,118,Needleleaf,00A359,White Spruce-Deciduous,Alaska-Yukon White Spruce-Aspen Forest Mesic (Central),,M156,Alaska-Yukon North American Boreal Forest,G579,Central Alaska-Yukon Boreal Mesic Forest
3. Boreal,mixed tree,mesic vegetation,none,139,Needleleaf,00A359,White Spruce-Deciduous,Alaska-Yukon White Spruce-Aspen Forest Mesic (Southern),,M156,Alaska-Yukon North American Boreal Forest,G627,Southern Alaskan Boreal Mesic Forest
3. Boreal,mixed tree,mesic vegetation,none,119,Needleleaf,00A359,White Spruce-Deciduous,Alaska-Yukon White Spruce-Birch Forest Mesic (Central),,M156,Alaska-Yukon North American Boreal Forest,G579,Central Alaska-Yukon Boreal Mesic Forest
3. Boreal,mixed tree,mesic vegetation,none,140,Needleleaf,00A359,White Spruce-Deciduous,Alaska-Yukon White Spruce-Birch Forest Mesic (Southern),,M156,Alaska-Yukon North American Boreal Forest,G627,Southern Alaskan Boreal Mesic Forest
3. Boreal,mixed tree,mesic vegetation,none,120,Needleleaf,00A359,White Spruce-Deciduous,Alaska-Yukon White Spruce-Poplar Forest Mesic (Central),,M156,Alaska-Yukon North American Boreal Forest,G579,Central Alaska-Yukon Boreal Mesic Forest
3. Boreal,mixed tree,mesic vegetation,none,141,Needleleaf,00A359,White Spruce-Deciduous,Alaska-Yukon White Spruce-Poplar Forest Mesic (Southern),,M156,Alaska-Yukon North American Boreal Forest,G627,Southern Alaskan Boreal Mesic Forest
1. Temperate,coniferous tree,wet vegetation,none,34,Needleleaf,6BA24E,Yellow Cedar,Alaska Pacific Yellow Cedar (-Western Hemlock / Mountain Hemlock) Forest Wet,alliance,M035,North Pacific Forested Wetland,G854,Alaska Pacific Swamp
1. Temperate,coniferous tree,mesic vegetation,none,7,Needleleaf,6BA24E,Yellow Cedar,Alaska Pacific Yellow Cedar (-Western Hemlock) Forest Mesic,subgroup,M024,North Pacific Coastal Rainforest,G750,Coastal Alaskan Western Hemlock - Sitka Spruce Rainforest
3. Boreal,deciduous tree,mesic vegetation,burned,163,Post-burn,A26B00,Post-burn Aspen Forest,Alaska-Yukon Post-burn Recovering Aspen Forest Mesic,,M179,North American Northern Boreal Woodland,G349,Alaskan Boreal Dry Woodland
3. Boreal,deciduous tree,mesic vegetation,burned,116,Post-burn,7B5200,Post-burn Birch Forest,Alaska-Yukon Post-burn Recovering Birch Forest Mesic (Central),,M156,Alaska-Yukon North American Boreal Forest,G579,Central Alaska-Yukon Boreal Mesic Forest
3. Boreal,deciduous tree,mesic vegetation,burned,137,Post-burn,7B5200,Post-burn Birch Forest,Alaska-Yukon Post-burn Recovering Birch Forest Mesic (Southern),,M156,Alaska-Yukon North American Boreal Forest,G627,Southern Alaskan Boreal Mesic Forest
3. Boreal,shrub,mesic vegetation,burned,185,Post-burn,DAAB4A,Post-burn Birch-Willow Mesic,Alaska-Yukon Post-burn Recovering Birch-Willow Mesic,,M537,North American Boreal Shrubland & Grassland,G356,Western Boreal Mesic Birch - Willow Shrubland
3. Boreal,shrub,wet vegetation,burned,244,Post-burn,FFB320,Post-burn Birch-Willow Wet,Alaska-Yukon Post-Burn Recovering Birch-Willow Wet,,M537,North American Boreal Shrubland & Grassland,G865,Western Boreal Wet Birch - Willow Low Shrubland
6. Abiotic,unvegetated,other,burned,999,Post-burn,5C3F00,Recently Burned (≤ 5 Years),Recently Burned (≤ 5 Years),none,none,none,none,none
1. Temperate,shrub,mesic vegetation,none,61,Shrub,4B009E,Alder-Willow Mesic,Alaska Pacific Alder Mesic,subgroup,M172,North Pacific Coastal Lowland-Montane Grassland & Shrubland,G354,Alaska Pacific Alder - Salmonberry - Willow Shrubland
1. Temperate,shrub,mesic vegetation,none,62,Shrub,4B009E,Alder-Willow Mesic,Alaska Pacific Alder-Willow Mesic,subgroup,M172,North Pacific Coastal Lowland-Montane Grassland & Shrubland,G354,Alaska Pacific Alder - Salmonberry - Willow Shrubland
3. Boreal,shrub,mesic vegetation,none,181,Shrub,4B009E,Alder-Willow Mesic,Alaska-Yukon Alder Mesic,,M537,North American Boreal Shrubland & Grassland,G1196,Western Boreal Mesic Alder - Willow Shrubland
3. Boreal,shrub,mesic vegetation,none,182,Shrub,4B009E,Alder-Willow Mesic,Alaska-Yukon Alder-Willow Mesic,,M537,North American Boreal Shrubland & Grassland,G1196,Western Boreal Mesic Alder - Willow Shrubland
4. Arctic,shrub,mesic vegetation,none,291,Shrub,4B009E,Alder-Willow Mesic,Arctic Alder (-Willow) Shrub Mesic,subgroup,M173,Arctic Dry-Moist Tundra,G897,Arctic Low Shrub Tundra
1. Temperate,shrub,wet vegetation,none,81,Shrub,7D00A1,Alder-Willow Wet,Alaska Pacific Alder-Willow Wet,subgroup,M558,"Alaska Pacific Marsh, Wet Meadow & Shrub Wetland",G1209,Alaska Pacific Shrub Wetland
3. Boreal,shrub,wet vegetation,none,243,Shrub,7D00A1,Alder-Willow Wet,Alaska-Yukon Alder-Willow Wet,group,M894,"North American Boreal Marsh, Wet Meadow & Shrubland",G866,Western Boreal Wet Alder - Willow Tall Shrub Swamp
1. Temperate,shrub,mesic vegetation,none,63,Shrub,98A100,Birch-Ericaceous Mesic,Alaska Pacific Ericaceous (-Birch) Shrub Mesic,subgroup,M172,North Pacific Coastal Lowland-Montane Grassland & Shrubland,G354,Alaska Pacific Alder - Salmonberry - Willow Shrubland
3. Boreal,shrub,mesic vegetation,none,183,Shrub,98A100,Birch-Ericaceous Mesic,Alaska-Yukon Ericaceous (-Birch) Mesic,,M537,North American Boreal Shrubland & Grassland,G356,Western Boreal Mesic Birch - Willow Shrubland
1. Temperate,shrub,wet vegetation,none,82,Shrub,BBCC00,Birch-Ericaceous Wet,Alaska Pacific Ericaceous (-Birch) Shrub Wet,subgroup,M558,"Alaska Pacific Marsh, Wet Meadow & Shrub Wetland",G1209,Alaska Pacific Shrub Wetland
1. Temperate,shrub,mesic vegetation,none,65,Shrub,6400D2,Birch-Willow Mesic,Alaska Pacific Willow Mesic,subgroup,M172,North Pacific Coastal Lowland-Montane Grassland & Shrubland,G354,Alaska Pacific Alder - Salmonberry - Willow Shrubland
2. Northern Subpolar Oceanic,shrub,mesic vegetation,none,102,Shrub,6400D2,Birch-Willow Mesic,Aleutian-Kamchatka Willow Shrub Mesic,alliance,M539,"Aleutian-Kamchatka Maritime Heath, Shrub & Meadow",G860,Aleutian-Kamchatka Mesic Shrubland
3. Boreal,shrub,mesic vegetation,none,184,Shrub,6400D2,Birch-Willow Mesic,Alaska-Yukon Birch-Willow Mesic,,M537,North American Boreal Shrubland & Grassland,G356,Western Boreal Mesic Birch - Willow Shrubland
3. Boreal,shrub,mesic vegetation,none,186,Shrub,6400D2,Birch-Willow Mesic,Alaska-Yukon Willow Mesic,,M537,North American Boreal Shrubland & Grassland,G356,Western Boreal Mesic Birch - Willow Shrubland
4. Arctic,shrub,mesic vegetation,none,292,Shrub,6400D2,Birch-Willow Mesic,Arctic Birch (-Willow) Shrub Mesic,subgroup,M173,Arctic Dry-Moist Tundra,G897,Arctic Low Shrub Tundra
4. Arctic,shrub,mesic vegetation,none,293,Shrub,6400D2,Birch-Willow Mesic,Arctic Willow Low Shrub Mesic,subgroup,M173,Arctic Dry-Moist Tundra,G897,Arctic Low Shrub Tundra
1. Temperate,shrub,wet vegetation,none,83,Shrub,A500D5,Birch-Willow Wet,Alaska Pacific Willow Wet,subgroup,M558,"Alaska Pacific Marsh, Wet Meadow & Shrub Wetland",G1209,Alaska Pacific Shrub Wetland
3. Boreal,shrub,wet vegetation,none,241,Shrub,A500D5,Birch-Willow Wet,Alaska-Yukon Birch-Willow Wet,subgroup,M894,"North American Boreal Marsh, Wet Meadow & Shrubland",G865,Western Boreal Wet Birch - Willow Low Shrubland
3. Boreal,shrub,wet vegetation,none,242,Shrub,A500D5,Birch-Willow Wet,Alaska-Yukon Willow Wet,subgroup,M894,"North American Boreal Marsh, Wet Meadow & Shrubland",G865,Western Boreal Wet Birch - Willow Low Shrubland
1. Temperate,shrub,mesic vegetation,none,64,Shrub,FF00C5,Salmonberry Mesic,Alaska Pacific Salmonberry Mesic,subgroup,M172,North Pacific Coastal Lowland-Montane Grassland & Shrubland,G354,Alaska Pacific Alder - Salmonberry - Willow Shrubland
4. Arctic,various,complex,none,254,Tussock,6A003B,Tussock Polygonal Complex,Arctic Tussock Tundra Polygonal Complex,complex,complex,complex,complex,complex
4. Arctic,dwarf shrub,tussock tundra,none,272,Tussock,730000,Tussock Tundra,Arctic Tussock Dwarf Shrub Tundra,subgroup,M173,Arctic Dry-Moist Tundra,G1198,Arctic Tussock Tundra
4. Arctic,shrub,tussock tundra,none,274,Tussock,730000,Tussock Tundra,Arctic Tussock Low Shrub Tundra,subgroup,M173,Arctic Dry-Moist Tundra,G1198,Arctic Tussock Tundra
1. Temperate,herbaceous,tidal marsh,coastal,44,Z,000000,N/A,Alaska Pacific Coastal Algal Flat,group,M106,Temperate Pacific Seaweed Intertidal Vegetation,G385,North American Pacific Intertidal Algal Flat
1. Temperate,NULL,NULL,NULL,77,Z,000000,N/A,Alaska Pacific Freshwater Aquatic Vegetation,omit,M109,Western North American Freshwater Aquatic Vegetation,G544,Western Temperate Freshwater Aquatic Vegetation
1. Temperate,shrub,dry vegetation,none,66,Z,000000,N/A,Alaska Pacific Shrub Dry,omit,M172,North Pacific Coastal Lowland-Montane Grassland & Shrubland,G354,Alaska Pacific Alder - Salmonberry - Willow Shrubland
3. Boreal,NULL,NULL,NULL,229,Z,000000,N/A,Arctic-Boreal Freshwater Aquatic Vegetation,omit,M871,Boreal Freshwater Aquatic Vegetation,G769,North American Boreal Freshwater Aquatic Vegetation
4. Arctic,NULL,NULL,NULL,301,Z,000000,N/A,Arctic Coastal Rocky Shore,omit,M402,North American Arctic Coastal Shore,G611,Arctic Coastal Rocky Shore
4. Arctic,various,complex,none,256,Z,000000,N/A,Arctic Peatland Polygonal Complex,complex,complex,complex,complex,complex
4. Arctic,unvegetated,barren,coastal,304,Z,000000,N/A,Arctic Salt-intruded Tundra,alliance,M402,North American Arctic Coastal Shore,G864,Arctic Coastal Dune & Beach
4. Arctic,various,wet vegetation,riverine,316,Z,000000,N/A,Arctic Stream Corridor,,M870,Arctic Freshwater Marsh and Riverine Herbaceous & Shrubland,G1204,Arctic Shrub & Graminoid Floodplain
4. Arctic,NULL,NULL,NULL,277,Z,000000,N/A,High Arctic Herbaceous (Nontussock) Tundra,omit,M173,Arctic Dry-Moist Tundra,G1200,High Arctic Graminoid - Forb Tundra
